screen_code,state_code,title,approval_status,approved_for_development,artifact_type,reference_image,sha256
01,portada-y-catalogo-de-productos,Portada y catálogo de productos,APROBADA_FINAL,True,runtime_view,assets/screens/aprobadas/PANTALLA_01_APROBADA_FINAL.png,f4d79d95ede05a2608982bf8a80a24fa9d54670ee4d7fdc846836453f28a0832
01,caratula-catalogo,Caratula catalogo,CANDIDATA,False,runtime_view,assets/screens/candidatas/PANTALLA_01_CARATULA_CATALOGO_CANDIDATA.png,1560775aba1ca83ea770edcffee990045e763c6d21e50449dc5e6b62b636c032
01A,detalle-cookies,Detalle cookies,APROBADA_FINAL,True,detail_view,assets/screens/aprobadas/PANTALLA_01A_DETALLE_COOKIES_APROBADA_FINAL.png,707f9e96cf2437dcf318b3a192125dd753464748c9693ac08a563816eab78804
01B,confirmacion-salida,Confirmacion salida,APROBADA_FINAL,True,modal,assets/screens/aprobadas/PANTALLA_01B_CONFIRMACION_SALIDA_APROBADA_FINAL.png,d6ef362ed0de74d9e35a2c30f07bb4f755e7864ea14d1537368c1800fe1567af
01B,menu,Menu,APROBADA_FINAL,True,runtime_view,assets/screens/aprobadas/PANTALLA_01B_MENU_APROBADA_FINAL.png,7c51c0a0428ebc8850901012dedee7d1f669a135d1487752f7fbf2bffd5c2d1d
01C,responsabilidades,Responsabilidades,APROBADA_FINAL,True,detail_view,assets/screens/aprobadas/PANTALLA_01C_RESPONSABILIDADES_APROBADA_FINAL.png,eb1e5049ecdad92b3e8eb064756fec48486402dcb907f73f5e604d4af9aa9c24
01D,contacto,Contacto,APROBADA_FINAL,True,detail_view,assets/screens/aprobadas/PANTALLA_01D_CONTACTO_APROBADA_FINAL.png,f83447ccfadbc2c850c0883bab0b7f8b452a45d946eeda96896a8b0e3d398632
01E,informacion-legal,Informacion legal,APROBADA_FINAL,True,detail_view,assets/screens/aprobadas/PANTALLA_01E_INFORMACION_LEGAL_APROBADA_FINAL.png,7f4136a6dfc5cde311d9d2a5afed39f15e9b7bf09c2fbab592a2915c9782909c
02,seleccion-plan,Seleccion plan,APROBADA_FINAL,True,runtime_view,assets/screens/aprobadas/PANTALLA_02_SELECCION_PLAN_APROBADA_FINAL.png,11fea2c6c28a943d479d5f9400efa887825ff315f11e8ce39a0728eec94e62df
02A,coberturas,Coberturas,APROBADA_FINAL,True,detail_view,assets/screens/aprobadas/PANTALLA_02A_COBERTURAS_APROBADA_FINAL.png,d9c9625e3a1d2f0f94dfa5d2cf3862f06293bd5c673e455f3bdc553d20953105
02B,exclusiones,Exclusiones,APROBADA_FINAL,True,detail_view,assets/screens/aprobadas/PANTALLA_02B_EXCLUSIONES_APROBADA_FINAL.png,cca4742583d4aa37bd2f271e8da8a1322a6325f74200ab9dc6ca7790a72bce6c
02C,siniestros,Siniestros,APROBADA_FINAL,True,detail_view,assets/screens/aprobadas/PANTALLA_02C_SINIESTROS_APROBADA_FINAL.png,756d35ed741437d5085238bf642301af2c5523478ede18ca77fb7002e8564bdf
03A,00,Verificacion WhatsApp estado inicial,APROBADA_FINAL,True,runtime_view,assets/screens/aprobadas/PANTALLA_03A_00_VERIFICACION_WHATSAPP_ESTADO_INICIAL_APROBADA_FINAL.png,013b7fd6ec63bd3cf6a78b9ecebd69cf9c82140745373619e8591cd5e1e638c9
03A,01A,Autorizacion pendiente,APROBADA_FINAL,True,runtime_view,assets/screens/aprobadas/PANTALLA_03A_01A_AUTORIZACION_PENDIENTE_APROBADA_FINAL.png,dea697594ae87da6d777606c7819f8b094abf8c1ab2bb703dc5148380f442520
03A,01B,Numero invalido,APROBADA_FINAL,True,runtime_view,assets/screens/aprobadas/PANTALLA_03A_01B_NUMERO_INVALIDO_APROBADA_FINAL.png,eecd0386af644c9a60de6b2a514f087f98bc67ec142b3215ae35f2e514a17576
03A,01,Datos listos para envio,APROBADA_FINAL,True,runtime_view,assets/screens/aprobadas/PANTALLA_03A_01_DATOS_LISTOS_PARA_ENVIO_APROBADA_FINAL.png,9da3673b0f15210614291b79dedc5108e317ab3273e949a9e6bf84620444bb25
03A,02,Enviando codigo,APROBADA_FINAL,True,runtime_view,assets/screens/aprobadas/PANTALLA_03A_02_ENVIANDO_CODIGO_APROBADA_FINAL.png,9e04e16a5b20219776de575c69baf512d1cc3d34ef253b240e014eac05dd6dc8
03A,03,Codigo WhatsApp enviado,APROBADA_FINAL,True,runtime_view,assets/screens/aprobadas/PANTALLA_03A_03_CODIGO_WHATSAPP_ENVIADO_APROBADA_FINAL.png,23c0346f70ec64e3977fcd34d1bd0cc67a68a2b99a61ffb80006f0b6354377eb
03A,04,OTP completo,APROBADA_FINAL,True,runtime_view,assets/screens/aprobadas/PANTALLA_03A_04_OTP_COMPLETO_APROBADA_FINAL.png,51943f46180f484632f62937ad0a9e65bdc713eb5c3a4bdf4dbaf7109b447304
03A,05,Verificando OTP,APROBADA_FINAL,True,runtime_view,assets/screens/aprobadas/PANTALLA_03A_05_VERIFICANDO_OTP_APROBADA_FINAL.png,7be2640b4ac7e479efffe7b6e5486ad7f3f658adfec81980537f516427cd95ec
03A,06,Codigo incorrecto,APROBADA_FINAL,True,runtime_view,assets/screens/aprobadas/PANTALLA_03A_06_CODIGO_INCORRECTO_APROBADA_FINAL.png,14c10c33072ec56c58d402458820b41d786c24863dbee4cfe86d1415389895c7
03A,07,Codigo invalidado tercer intento,APROBADA_FINAL,True,runtime_view,assets/screens/aprobadas/PANTALLA_03A_07_CODIGO_INVALIDADO_TERCER_INTENTO_APROBADA_FINAL.png,2177f462628b9f5975cabfa86fb3fd4a614c69a6f9d45ab6d3cf3576d86c15d3
03A,08,Reenvio WhatsApp realizado,APROBADA_FINAL,True,runtime_view,assets/screens/aprobadas/PANTALLA_03A_08_REENVIO_WHATSAPP_REALIZADO_APROBADA_FINAL.png,50f8980f3d21e34268c2ca90e154defc4c73df995a1242b5972047f071709ff2
03A,09,Codigo WhatsApp vencido,APROBADA_FINAL,True,runtime_view,assets/screens/aprobadas/PANTALLA_03A_09_CODIGO_WHATSAPP_VENCIDO_APROBADA_FINAL.png,7a206bdc1282f458036d1c00b3b09d94466a93ac6882278c594765604bedf05d
03A,10,SMS disponible,APROBADA_FINAL,True,runtime_view,assets/screens/aprobadas/PANTALLA_03A_10_SMS_DISPONIBLE_APROBADA_FINAL.png,a3cca303158c7f52dbd6d4cabee57e7fec5101c590f29b9edf3b2135a9ccc5fd
03A,11,Codigo SMS enviado,APROBADA_FINAL,True,runtime_view,assets/screens/aprobadas/PANTALLA_03A_11_CODIGO_SMS_ENVIADO_APROBADA_FINAL.png,5833046c7ea7c5617c9dc2b84e03473831aafca1fb4a4a819de3cce659c26b6d
03A,12,Bloqueo temporal,APROBADA_FINAL,True,runtime_view,assets/screens/aprobadas/PANTALLA_03A_12_BLOQUEO_TEMPORAL_APROBADA_FINAL.png,515dab808340c41e651db40dbe2991bd14c61e8691a383c19684bc2b8b789f4f
03A,13,Error tecnico envio,APROBADA_FINAL,True,runtime_view,assets/screens/aprobadas/PANTALLA_03A_13_ERROR_TECNICO_ENVIO_APROBADA_FINAL.png,4895058b0ee99f7427bb75e03ab37ed5942ee0a6fe6a6ef4b55f8548ef91acbd
03A,14,Numero sin WhatsApp,APROBADA_FINAL,True,runtime_view,assets/screens/aprobadas/PANTALLA_03A_14_NUMERO_SIN_WHATSAPP_APROBADA_FINAL.png,644b8a8a76b012c6ae687ac2d7d2d035b01a9d14042142b824c35520133e8e08
03A,15,Verificacion exitosa,APROBADA_FINAL,True,runtime_view,assets/screens/aprobadas/PANTALLA_03A_15_VERIFICACION_EXITOSA_APROBADA_FINAL.png,6730747cbd5120081c23bca85a0db608f1716f02dd3e4225ab66087c7ba6c0ef
03B,00,Prepare lo necesario estado inicial,APROBADA_FINAL,True,runtime_view,assets/screens/aprobadas/PANTALLA_03B_00_PREPARE_LO_NECESARIO_ESTADO_INICIAL_APROBADA_FINAL.png,38d0aa03a29d5400d6dfdc3a7a7dcbf214d3ed3a5e45bc3c9ae1b3b7ddd0c0e1
03B,01,Prepare lo necesario listo,APROBADA_FINAL,True,runtime_view,assets/screens/aprobadas/PANTALLA_03B_01_PREPARE_LO_NECESARIO_LISTO_APROBADA_FINAL.png,62aafb1133e06f2af2ca21483dfa6f858667c753c2af97674f9ba8bc044acf24
03B,02A,Aviso privacidad unificado inicio,APROBADA_FINAL,True,runtime_view,assets/screens/aprobadas/PANTALLA_03B_02A_AVISO_PRIVACIDAD_UNIFICADO_INICIO_APROBADA_FINAL.png,d162fdc58345d486c8b1f74688c542f10fa2ed08316a57600e44d3638dee752a
03B,02B,Aviso privacidad unificado final,APROBADA_FINAL,True,runtime_view,assets/screens/aprobadas/PANTALLA_03B_02B_AVISO_PRIVACIDAD_UNIFICADO_FINAL_APROBADA_FINAL.png,9d85f36abd64a07bade02997ed46c4011521e4d51d46e9b7927bc7fab1d7741c
03C,00,Estado inicial,APROBADA_FINAL,True,runtime_view,assets/screens/aprobadas/PANTALLA_03C_00_ESTADO_INICIAL_APROBADA_FINAL.png,378d10c98d1cf3a997e9867e2645f0f4f13ec58c7f3913b2f870bb5a501b4f88
03C,01,Camara frente,APROBADA_FINAL,True,runtime_view,assets/screens/aprobadas/PANTALLA_03C_01_CAMARA_FRENTE_APROBADA_FINAL.png,16e564c3f8a9dee96d1ca9d58e3f58a420f80fe99bf12ccf4059731ff412b224
03C,02,Frente procesando,APROBADA_FINAL,True,runtime_view,assets/screens/aprobadas/PANTALLA_03C_02_FRENTE_PROCESANDO_APROBADA_FINAL.png,b79d17ad6ef7a78c3c6031c11dee1a2888ea1f074139dc881a16cf6209e45c97
03C,03,Frente validado dorso habilitado,APROBADA_FINAL,True,runtime_view,assets/screens/aprobadas/PANTALLA_03C_03_FRENTE_VALIDADO_DORSO_HABILITADO_APROBADA_FINAL.png,a66957d09756d5dd330fb972f40ea0fc97182c738043808aaadf484de5b71aa6
03C,04,Camara dorso,APROBADA_FINAL,True,runtime_view,assets/screens/aprobadas/PANTALLA_03C_04_CAMARA_DORSO_APROBADA_FINAL.png,b93287e4bdca1e5d0b4a1b1de26c69fd8e280d6d7c3585279802083ff1d7b912
03C,05,Dorso procesando,APROBADA_FINAL,True,runtime_view,assets/screens/aprobadas/PANTALLA_03C_05_DORSO_PROCESANDO_APROBADA_FINAL.png,c1eb79b3d09b96dcddda3662461b19b188a629b4bd66bc820221751667f9f441
03C,06,Documento validado selfie habilitada,APROBADA_FINAL,True,runtime_view,assets/screens/aprobadas/PANTALLA_03C_06_DOCUMENTO_VALIDADO_SELFIE_HABILITADA_APROBADA_FINAL.png,2f6bf5a66c7efcd330ffd560b6e7a926c5abdec77f8ad8b65fbd26c7491986ef
03C,07,Camara selfie,APROBADA_FINAL,True,runtime_view,assets/screens/aprobadas/PANTALLA_03C_07_CAMARA_SELFIE_APROBADA_FINAL.png,937f4ac9eed8064f89d7cefbd999c0d5d20eb68e457d5b629e7284ed2d49f471
03C,08,Selfie procesando,APROBADA_FINAL,True,runtime_view,assets/screens/aprobadas/PANTALLA_03C_08_SELFIE_PROCESANDO_APROBADA_FINAL.png,3769829e4eeeda64384e599584f3cac70a7380ae8c295868a468e5ee14ec3a8b
03C,09,Identidad validada correo habilitado,APROBADA_FINAL,True,runtime_view,assets/screens/aprobadas/PANTALLA_03C_09_IDENTIDAD_VALIDADA_CORREO_HABILITADO_APROBADA_FINAL.png,a55ccc2ec2c90ed908ea5386c504ca34aac6841d5997dbf5c1be130a6d330541
03C,10,Correo invalido,APROBADA_FINAL,True,runtime_view,assets/screens/aprobadas/PANTALLA_03C_10_CORREO_INVALIDO_APROBADA_FINAL.png,f00c6ece64f902bb5a5c42956ad0c00f014852dc504055d2a1eeee1aab549305
03C,11,Correos no coinciden,APROBADA_FINAL,True,runtime_view,assets/screens/aprobadas/PANTALLA_03C_11_CORREOS_NO_COINCIDEN_APROBADA_FINAL.png,f307630147c5a593ed8bff9925b473b35e702dc46418ceb58970bb014b62091b
03C,12,Listo para validar,APROBADA_FINAL,True,runtime_view,assets/screens/aprobadas/PANTALLA_03C_12_LISTO_PARA_VALIDAR_APROBADA_FINAL.png,ebf607ddf69f1d2afad70f033f162fcce8d8b12d052a3b268e7073f87c146694
03C,13,Validacion final procesando,APROBADA_FINAL,True,runtime_view,assets/screens/aprobadas/PANTALLA_03C_13_VALIDACION_FINAL_PROCESANDO_APROBADA_FINAL.png,b7ea2e371c54fb32c1aa92fa20da596d905eebfc759ea5bab4be33d4e5683bcc
03C,14,Imagen rechazada calidad,APROBADA_FINAL,True,runtime_view,assets/screens/aprobadas/PANTALLA_03C_14_IMAGEN_RECHAZADA_CALIDAD_APROBADA_FINAL.png,82df119e034c7e5abc80713ae920690a1f71276718df4532aac49cd0dc661358
03C,15,Archivo no admitido,APROBADA_FINAL,True,runtime_view,assets/screens/aprobadas/PANTALLA_03C_15_ARCHIVO_NO_ADMITIDO_APROBADA_FINAL.png,e492ef62d0c41e8bba1e5ef5a1b082958127483fb7ec4c5914f997f09e20fbe0
03C,16,Lado incorrecto o repetido,APROBADA_FINAL,True,runtime_view,assets/screens/aprobadas/PANTALLA_03C_16_LADO_INCORRECTO_O_REPETIDO_APROBADA_FINAL.png,c2a7948212cec71fd2640230e5ee72f5a5ed1f8ba4b9ebf666025a9b7b60d089
03C,17,Documento no paraguayo,APROBADA_FINAL,True,runtime_view,assets/screens/aprobadas/PANTALLA_03C_17_DOCUMENTO_NO_PARAGUAYO_APROBADA_FINAL.png,ebaaba8a22c9b353f0c593ac21df93d8e8114814ab5e029e16b4fda375388223
03C,18,Cédula vencida,APROBADA_FINAL,True,runtime_view,assets/screens/aprobadas/PANTALLA_03C_18_CEDULA_VENCIDA_APROBADA_FINAL.png,524c3978915c5b8715232d10f2f5dc175d621a9d90d050deb41dce057d5873b0
03C,19,Posible alteracion,APROBADA_FINAL,True,runtime_view,assets/screens/aprobadas/PANTALLA_03C_19_POSIBLE_ALTERACION_APROBADA_FINAL.png,c26878f6ce562a3be338fc19b9f69d26abbc2df58d4eacb8a0803d8e5c610002
03C,20,Camara denegada documento,APROBADA_FINAL,True,runtime_view,assets/screens/aprobadas/PANTALLA_03C_20_CAMARA_DENEGADA_DOCUMENTO_APROBADA_FINAL.png,332b7067181bd90f4bd395b6c6689de4729f9275721639101e7d626f4885d82b
03C,21,Camara denegada selfie,APROBADA_FINAL,True,runtime_view,assets/screens/aprobadas/PANTALLA_03C_21_CAMARA_DENEGADA_SELFIE_APROBADA_FINAL.png,0a2fa3ee708b4ccce1ce5a05c14de124e771d9367d7c83dfd3e89978adfc15c2
03C,22,Prueba de vida fallida,APROBADA_FINAL,True,runtime_view,assets/screens/aprobadas/PANTALLA_03C_22_PRUEBA_DE_VIDA_FALLIDA_APROBADA_FINAL.png,e867dad4833cc1e9543b294967fcba829a062c0dcced1328dd25efa0b81452c5
03C,23,Coincidencia facial fallida,APROBADA_FINAL,True,runtime_view,assets/screens/aprobadas/PANTALLA_03C_23_COINCIDENCIA_FACIAL_FALLIDA_APROBADA_FINAL.png,be6d0813da756cc894e6cebd3dac32450791a172c5e1027393d240df7f2ea931
03C,24,Error tecnico,APROBADA_FINAL,True,runtime_view,assets/screens/aprobadas/PANTALLA_03C_24_ERROR_TECNICO_APROBADA_FINAL.png,49a0e651fc5260df5db3e83d083747cd0e68e471095d76e8e8f5d6acec0dc45d
03C,25,Bloqueo temporal 5 minutos,APROBADA_FINAL,True,runtime_view,assets/screens/aprobadas/PANTALLA_03C_25_BLOQUEO_TEMPORAL_5_MINUTOS_APROBADA_FINAL.png,47bba6e5bbc3ca2fd669f3a76f34eb125ed18084744135c51608eec6247147b4
03C,resumen-26-estados,Resumen 26 estados,APROBADA_FINAL,False,summary_board,assets/screens/aprobadas/PANTALLA_03C_RESUMEN_26_ESTADOS_APROBADA_FINAL.png,747a0178f3f439e9f8784f0e95324646ebfae4ea2fa04862bdead88e73563224
03D,00,Datos extraidos campos pendientes,APROBADA_FINAL,True,runtime_view,assets/screens/aprobadas/PANTALLA_03D_00_DATOS_EXTRAIDOS_CAMPOS_PENDIENTES_APROBADA_FINAL.png,9f76d17309c6d685ed08188124e5fc93d752e201db658ab1e9c3c5df0ff42159
03D,01,Menu sexo,APROBADA_FINAL,True,runtime_view,assets/screens/aprobadas/PANTALLA_03D_01_MENU_SEXO_APROBADA_FINAL.png,ed0a25bd2e14f2b4d9a2fab89b5cdf9f736ca772a1b849284d574591c463e8e8
03D,02,Menu estado civil,APROBADA_FINAL,True,runtime_view,assets/screens/aprobadas/PANTALLA_03D_02_MENU_ESTADO_CIVIL_APROBADA_FINAL.png,e805787449d2ec82ef07d4d4352b95888f1a7232e62f849a62f87d49dcd8da0e
03D,03,Menu pais nacimiento,APROBADA_FINAL,True,runtime_view,assets/screens/aprobadas/PANTALLA_03D_03_MENU_PAIS_NACIMIENTO_APROBADA_FINAL.png,532653987035b91d65cfe1653ea9d77488606f310432d001f4db30011e05f430
03D,04,Menu nacionalidad,APROBADA_FINAL,True,runtime_view,assets/screens/aprobadas/PANTALLA_03D_04_MENU_NACIONALIDAD_APROBADA_FINAL.png,5f6cce3e95b57ed54c1b4bf97b747e6c4ba1b576a4866aac34545e771fc0de2d
03D,05,Menu pais residencia,APROBADA_FINAL,True,runtime_view,assets/screens/aprobadas/PANTALLA_03D_05_MENU_PAIS_RESIDENCIA_APROBADA_FINAL.png,1ee18f043687d73971039de8fc02c6f1062a2f0620a930526be48faeb68a4b03
03D,06,Menu ciudad,APROBADA_FINAL,True,runtime_view,assets/screens/aprobadas/PANTALLA_03D_06_MENU_CIUDAD_APROBADA_FINAL.png,7b0127eeac9232bc7e5efb2d1d9c286d4ae9aa8ace8388992b6ebc98123f8ca8
03D,07,Todos los datos completos,APROBADA_FINAL,True,runtime_view,assets/screens/aprobadas/PANTALLA_03D_07_TODOS_LOS_DATOS_COMPLETOS_APROBADA_FINAL.png,0e41cb6e4a70165a83c4a35a8c53e1e2b5183a72a790eaa3d8f0221c08a0c8a6
03D,08,Editando dato extraido,APROBADA_FINAL,True,runtime_view,assets/screens/aprobadas/PANTALLA_03D_08_EDITANDO_DATO_EXTRAIDO_APROBADA_FINAL.png,1d0dd690943ecaaedc4ab7851ca1651e54f96d2452a19ff0e48dea54d09a34cd
03D,09,Cambio registrado,APROBADA_FINAL,True,runtime_view,assets/screens/aprobadas/PANTALLA_03D_09_CAMBIO_REGISTRADO_APROBADA_FINAL.png,ed77b0c8782a2e884143a783fe9bff62368d2a20792741931b7eafe2717fff38
03D,10,Campo obligatorio faltante,APROBADA_FINAL,True,runtime_view,assets/screens/aprobadas/PANTALLA_03D_10_CAMPO_OBLIGATORIO_FALTANTE_APROBADA_FINAL.png,494cad6b27aacf7d9952cf3d87ff4c1ee09e1a1ada0331e0db312b9bb988fca5
03D,11,Fecha nacimiento invalida,APROBADA_FINAL,True,runtime_view,assets/screens/aprobadas/PANTALLA_03D_11_FECHA_NACIMIENTO_INVALIDA_APROBADA_FINAL.png,842dc183fa4fdfafd7fa721793e2672045caf7ffb5c81ab92010f2afb3de7a3b
03D,12,Validando datos,APROBADA_FINAL,True,runtime_view,assets/screens/aprobadas/PANTALLA_03D_12_VALIDANDO_DATOS_APROBADA_FINAL.png,e2e1e470e08264c56f5b548b8faa3c4e746de6f36c2885d62541ae1bfeaadc1d
03D,13,No elegible por edad,APROBADA_FINAL,True,runtime_view,assets/screens/aprobadas/PANTALLA_03D_13_NO_ELEGIBLE_POR_EDAD_APROBADA_FINAL.png,3e57ee3f259473885fe5586d7987f87151e849dd09099b66ecb3fdbff3567db2
03D,resumen-14-estados,Resumen 14 estados,APROBADA_FINAL,False,summary_board,assets/screens/aprobadas/PANTALLA_03D_RESUMEN_14_ESTADOS_APROBADA_FINAL.png,0a1b3bc9365d99b466b0ce3273300b6b29a1419b7c4472d19ad574aab9a4ee59
03E,00,Inicial,CANDIDATA,False,runtime_view,assets/screens/candidatas/PANTALLA_03E_00_INICIAL_CANDIDATA.png,1235e9d97a563806b5ca8ff3cde4c20f5e593826c98fa2d868d002880f0c2f7d
03E,01,Menu situacion laboral,CANDIDATA,False,runtime_view,assets/screens/candidatas/PANTALLA_03E_01_MENU_SITUACION_LABORAL_CANDIDATA.png,86cdbd533657a655109375d7a8ef6862419c0ad1551ff4518e793ad149a7e500
03E,02,Empleado empresa habilitada,CANDIDATA,False,runtime_view,assets/screens/candidatas/PANTALLA_03E_02_EMPLEADO_EMPRESA_HABILITADA_CANDIDATA.png,adee6d646960b8a6895709f1917cde5ff95c382ac7a7544806d038ed1617b74d
03E,03,Propietario empresa habilitada,CANDIDATA,False,runtime_view,assets/screens/candidatas/PANTALLA_03E_03_PROPIETARIO_EMPRESA_HABILITADA_CANDIDATA.png,d11f360578632d29cdefd825f5a626848de1ab36ad08b38c5048666c57c80850
03E,04,Estudiante autocompletado,CANDIDATA,False,runtime_view,assets/screens/candidatas/PANTALLA_03E_04_ESTUDIANTE_AUTOCOMPLETADO_CANDIDATA.png,3382b6ba1456b6e90c696d9da31ed2feab8c31a4becf05714abf4d6e4ee0202e
03E,05,Desempleado autocompletado,CANDIDATA,False,runtime_view,assets/screens/candidatas/PANTALLA_03E_05_DESEMPLEADO_AUTOCOMPLETADO_CANDIDATA.png,f4650c7932ff929611b366443421350a4f1dc9e60ce58404f8ead0669f291e5e
03E,06,Trabajador hogar autocompletado,CANDIDATA,False,runtime_view,assets/screens/candidatas/PANTALLA_03E_06_TRABAJADOR_HOGAR_AUTOCOMPLETADO_CANDIDATA.png,0842bc2d5d29a105fa16dbab9d4a95793ca54ecc274672a15e6511ca975f6d07
03E,07,Jubilado autocompletado,CANDIDATA,False,runtime_view,assets/screens/candidatas/PANTALLA_03E_07_JUBILADO_AUTOCOMPLETADO_CANDIDATA.png,b842c7e1907dd70bea278733632cfccb7d8c77b05beb93aa0260296130dde5c0
03E,08,Menu actividad economica,CANDIDATA,False,runtime_view,assets/screens/candidatas/PANTALLA_03E_08_MENU_ACTIVIDAD_ECONOMICA_CANDIDATA.png,17cd3207daf19bd6aa922e305e8769ffa9ae459e2be95b9de93b6f6a2bb37618
03E,09,Menu ocupacion oficio,CANDIDATA,False,runtime_view,assets/screens/candidatas/PANTALLA_03E_09_MENU_OCUPACION_OFICIO_CANDIDATA.png,a97331f8f9d5906245b689a4f51c993bb45fefa2e2aff15b9383adc72ae60236
03E,10,Menu profesion,CANDIDATA,False,runtime_view,assets/screens/candidatas/PANTALLA_03E_10_MENU_PROFESION_CANDIDATA.png,6f362cb907373df3d972bfd588a2b855e82d8d761f99d39077d7c4cb9158d083
03E,11,Menu origen ingresos,CANDIDATA,False,runtime_view,assets/screens/candidatas/PANTALLA_03E_11_MENU_ORIGEN_INGRESOS_CANDIDATA.png,2253283a8dec6964b9d27d451ce882d2867d69a18d2b19c670962acec76f2bec
03E,13,Datos completos PEP pendiente,CANDIDATA,False,runtime_view,assets/screens/candidatas/PANTALLA_03E_13_DATOS_COMPLETOS_PEP_PENDIENTE_CANDIDATA.png,436d92f48b0c8bb53f2dd83b0709ee8cb3d22e63d4b5b3729c1915bc05ee5c7a
03E,14,Lista PEP no,CANDIDATA,False,runtime_view,assets/screens/candidatas/PANTALLA_03E_14_LISTA_PEP_NO_CANDIDATA.png,2ea224ef87839209ffbc2f666d5cd20ad722f83c1078e4b568bbd1e424ceb8fb
03E,15,Lista PEP si,CANDIDATA,False,runtime_view,assets/screens/candidatas/PANTALLA_03E_15_LISTA_PEP_SI_CANDIDATA.png,6c87ae0e955854f104c1c02bf29dc17e5348a64e2d4d0925e9a17f26a0fc2c37
03E,16,Campo obligatorio faltante,CANDIDATA,False,runtime_view,assets/screens/candidatas/PANTALLA_03E_16_CAMPO_OBLIGATORIO_FALTANTE_CANDIDATA.png,aef6078a4cd6b2f9df77374ac1039dbccd472ac44e335546ab50fc0a4b4a7695
03E,17,Empresa condicional faltante,CANDIDATA,False,runtime_view,assets/screens/candidatas/PANTALLA_03E_17_EMPRESA_CONDICIONAL_FALTANTE_CANDIDATA.png,4fbcc9cfa4e37b76e34484915c515ec7a9be3aa4d18b0713f45e0d32226a0e11
03E,18,Ingreso no valido,CANDIDATA,False,runtime_view,assets/screens/candidatas/PANTALLA_03E_18_INGRESO_NO_VALIDO_CANDIDATA.png,9a342f13bbad6b93f8bbca78973c09da3781aa94010f62fbcb20b435f1f410a2
03E,19,Validando PEP no,CANDIDATA,False,runtime_view,assets/screens/candidatas/PANTALLA_03E_19_VALIDANDO_PEP_NO_CANDIDATA.png,048d932074ea00bb4ae2ccf6245a82e57c1a19b8e9cfa9b528716049f45211c6
03E,20,Registrando revision PEP si,CANDIDATA,False,runtime_view,assets/screens/candidatas/PANTALLA_03E_20_REGISTRANDO_REVISION_PEP_SI_CANDIDATA.png,79cfd373e883205a7a3458909fb723fed365932d3d27a729f932372593b4d19b
03E1,12,Que significa PEP,CANDIDATA,False,detail_view,assets/screens/candidatas/PANTALLA_03E1_12_QUE_SIGNIFICA_PEP_CANDIDATA.png,454a87743cfc918b03b250c1b52788868ebfc3ce438690b532cb61eec99e3675
03E2,21,Revision manual registrada,APROBADA_FINAL,True,runtime_view,assets/screens/aprobadas/PANTALLA_03E2_21_REVISION_MANUAL_REGISTRADA_APROBADA_FINAL.png,861982e1d2bcc5830a04495196a46b19f197fdd70198f9a46c5e0bb05fd2b855
03E2A,22,Confirmar cierre sesion,APROBADA_FINAL,True,runtime_view,assets/screens/aprobadas/PANTALLA_03E2A_22_CONFIRMAR_CIERRE_SESION_APROBADA_FINAL.png,260b0a7c31d72f4fb51dad01a2cce73a5d1702321200033cc364288921045158
03E2B,22,Error registro revision,APROBADA_FINAL,True,runtime_view,assets/screens/aprobadas/PANTALLA_03E2B_22_ERROR_REGISTRO_REVISION_APROBADA_FINAL.png,58f314ade1dbc09b057c56f46f8693fec261e27d31801760db088001b0e1ae30
04A,00,Datos y declaraciones,APROBADA_FINAL,True,runtime_view,assets/screens/aprobadas/PANTALLA_04A_00_DATOS_Y_DECLARACIONES_APROBADA_FINAL.png,5a62db770b2be916b88c4b74cb022f5e3b9f0a88f38043ef4afd3b1bf6749ecc
04A1,00,Evaluacion manual medica,APROBADA_FINAL,True,runtime_view,assets/screens/aprobadas/PANTALLA_04A1_00_EVALUACION_MANUAL_MEDICA_APROBADA_FINAL.png,4f07d2faa1f0e9d0543c7d21f71e0f5d2b57cabebfcc5041d6a70fffeb2e2718
04D,00,Consentimientos,APROBADA_FINAL,True,runtime_view,assets/screens/aprobadas/PANTALLA_04D_00_CONSENTIMIENTOS_APROBADA_FINAL.png,3de389ccb1c8b5cf9eb08f2a47efa69d4972b987a7bd6f4ac8fe9bf0a4a97d66
